
('Robert', 'Gray', 'r.gray@bornhorstward.com.au')

('Benoj', 'Kumary', 'b.kumary@bornhorstward.com.au')
('Phillip', 'Ric-Hansen', 'p.ric-hansen@bornhorstward.com.au')
('Nathan', 'Burge', 'n.burge@bornhorstward.com.au')
('Andrew', 'Hase', 'a.hase@bornhorstward.com.au')
('Harry', 'Tomkins', 'h.tomkins@bornhorstward.com.au')
